Name,Featured,Overview text,Service,Tag,Text,URL
Content Strategy,No,,,Skill,,
Sales Enablement,No,,,Skill,,
Competitive Research,No,,,Skill,,
"SEO, AEO and Link Building",No,,,Skill,,
Product Positioning,No,,,Skill,,
Marketing Design,No,,,Skill,,
How to Detect and Prevent Bank Statement Fraud Using Artificial Intelligence,No,,,Project,PrudentAI,https://www.prudent.ai/blog/how-to-detect-and-prevent-bank-statement-fraud-using-artificial-intelligence
Figma,No,,,Tools,,
SQL 2016 EOL Playbook,Yes,Built a SQL Server 2016 End-of-Life playbook targeting CIOs evaluating migration options. Created it as both a blog-format guide and a downloadable PDF. The page brought in steady organic traffic and directly led to a demo signup from a potential deal.,SEO,Project,Atlas Systems,https://www.atlassystems.com/sql-playbook
Unlock the Power of Day Zero Certainty for Bank Statement Loans,No,,,Project,PrudentAI,https://www.prudent.ai/blog/unlock-the-power-of-day-zero-certainty-for-bank-statement-loans
A guide to Transitioning from Traditional Lending tools to AI-powered income desk,No,,,Project,PrudentAI,https://www.prudent.ai/blog/a-guide-to-transitioning-from-traditional-lending-tools-to-ai-powered-income-desk
Semrush,No,,,Tools,,
HubSpot,No,,,Tools,,
Canva,No,,,Tools,,
LinkedIn Sales Navigator,No,,,Tools,,
Glossary Pages,Yes,"Researched and identified that glossary-style content could improve AI Engine Optimization for Atlas Systems' products, ComplyScore and PRIME. Built out the glossary pages from scratch. 10-15 keywords started appearing in AI Overviews and People Also Ask sections, driving organic traffic back to the product homepages.",AEO,Project,,https://www.atlassystems.com/complyscore/glossary
Apollo,No,,,Tools,,
Google Analytics,No,,,Tools,,
Google Search Console,No,,,Tools,,
Demo page revamp,Yes,"Audited Atlas Systems' demo page after noticing a dip in signups. Found that the page wasn't tailored to specific ICPs, both products and all services were funnelled through one centralized page with too many form fields. Redesigned it into separate demo pages for each product and service, reduced form friction, ran A/B tests. Weekly demo signups went from 1-2 to 6-8.",Website,Project,,https://www.behance.net/gallery/234735029/Demo-page
Comparison & Alternative Pages,Yes,"Wrote 15+ comparison, alternative, and listicle pages across two SaaS companies, Atlas Systems and Skcript. Each page was built around competitor research, search intent mapping, and positioning the product against specific alternatives. These pages consistently contributed to organic traffic and pipeline.",SEO,Project,,"https://www.atlassystems.com/comparison https://www.atlassystems.com/alternatives "
What's Stopping Your Loan Officers from Becoming 10x More Productive?,No,,,Project,PrudentAI,https://www.prudent.ai/blog/whats-stopping-your-loan-officers-from-becoming-10x-more-productive
A CSM's Guide to Customer Feedback Management,No,,,Project,Skcript,https://featureos.com/blog/csm-guide-feedback
Why Traditional Knowledge Bases Fail Customers (And Fixes),No,,,Project,Skcript,https://featureos.com/blog/the-knowledge-base-lie
Top 10 Podcasts for SaaS Founders and Product Managers,No,,,Project,Skcript,https://featureos.com/blog/top-10-saas-product-management-podcasts
"Frill 2026 Pricing: Plans, Features, and Top Alternatives",No,,,Project,Skcript,https://featureos.com/blog/frill-pricing-2024
The Future of AI-Driven Product Development with GenAI,No,,,Project,Atlas Systems,https://www.atlassystems.com/blog/generative-ai-in-product-development
Your Guide to Upgrading from SQL Server 2016,No,,,Project,Atlas Systems,https://www.atlassystems.com/blog/sql-server-2016-upgrade-options
The Real Cost of Staying on SQL Server 2016 vs Upgrading or Migrating,No,,,Project,Atlas Systems,https://www.atlassystems.com/blog/sql-server-2016-cost-vs-upgrade-migration
"Future-Ready Data Center Infrastructure: Components, Management & Best Practices",No,,,Project,Atlas Systems,https://www.atlassystems.com/blog/data-center-infrastructure
Email Marketing,No,,,Skill,,